comment_index,comment,true_label,predicted_label
46,Good for Priya but the whole challenge was so clearly edited to make her look like the hero from the start,negative,positive
63,Hour 12 and the first elimination already. Didn't expect the challenge to move this fast tbh,neutral,negative
65,10:28 that's diabolical!! Still not sure if I'm on Jake's side or not after that scene,neutral,positive
73,Jake losing his mapped progress after the rearrangement basically sealed his fate from that point.,neutral,positive
82,The behind the scenes construction footage was a nice addition. Doesn't change my view of the challenge itself.,neutral,positive
89,This is nice I guess,neutral,positive
132,marcus got very little screen time before the elimination. was there more footage that didn't make the cut,neutral,negative
153,the budget went into the maze but not into contestant welfare protocols apparently,negative,neutral
250,Good for Priya but the whole challenge was so clearly edited to make her look like the hero from the start,negative,positive
